LICENCE_NO,AREA_NAME,LW_FREQUENCY_START,LW_FREQUENCY_END,LW_BW,UP_FREQUENCY_START,UP_FREQUENCY_END,UP_BW,USAGE,LICENCE_CATEGORY_NAME
10143110,Perth,1960.0,1970.0,10.0,2150.0,2160.0,10.0,20.0,2 GHz Band
10143110,Sydney,1920.0,1935.0,15.0,2110.0,2125.0,15.0,30.0,2 GHz Band
10143110,Adelaide,1960.0,1970.0,10.0,2150.0,2160.0,10.0,20.0,2 GHz Band
10143110,Melbourne,1920.0,1935.0,15.0,2110.0,2125.0,15.0,30.0,2 GHz Band
10143110,Brisbane,1960.0,1970.0,10.0,2150.0,2160.0,10.0,20.0,2 GHz Band
10143136,Darwin,1970.0,1980.0,10.0,2160.0,2170.0,10.0,20.0,2 GHz Band
10143136,Canberra,1970.0,1980.0,10.0,2160.0,2170.0,10.0,20.0,2 GHz Band
10143136,Regional South East Australia,1975.0,1980.0,5.0,2165.0,2170.0,5.0,10.0,2 GHz Band
10143136,Regional Western Australia,1975.0,1980.0,5.0,2165.0,2170.0,5.0,10.0,2 GHz Band
10143136,Hobart,1970.0,1980.0,10.0,2160.0,2170.0,10.0,20.0,2 GHz Band
10143136,Perth,1970.0,1980.0,10.0,2160.0,2170.0,10.0,20.0,2 GHz Band
10143136,Melbourne,1970.0,1980.0,10.0,2160.0,2170.0,10.0,20.0,2 GHz Band
10143136,Adelaide,1970.0,1980.0,10.0,2160.0,2170.0,10.0,20.0,2 GHz Band
10143136,Sydney,1970.0,1980.0,10.0,2160.0,2170.0,10.0,20.0,2 GHz Band
10143136,Brisbane,1970.0,1980.0,10.0,2160.0,2170.0,10.0,20.0,2 GHz Band
10143466,Adelaide,1920.0,1930.0,10.0,2110.0,2120.0,10.0,20.0,2 GHz Band
10143466,Adelaide,1935.0,1940.0,5.0,2125.0,2130.0,5.0,10.0,2 GHz Band
10143466,Brisbane,1920.0,1930.0,10.0,2110.0,2120.0,10.0,20.0,2 GHz Band
10143466,Brisbane,1935.0,1940.0,5.0,2125.0,2130.0,5.0,10.0,2 GHz Band
10143466,Melbourne,1960.0,1970.0,10.0,2150.0,2160.0,10.0,20.0,2 GHz Band
10143466,Melbourne,1935.0,1940.0,5.0,2125.0,2130.0,5.0,10.0,2 GHz Band
10143466,Perth,1935.0,1940.0,5.0,2125.0,2130.0,5.0,10.0,2 GHz Band
10143466,Regional Western Australia,1965.0,1975.0,10.0,2155.0,2165.0,10.0,20.0,2 GHz Band
10143466,Regional South East Australia,1965.0,1975.0,10.0,2155.0,2165.0,10.0,20.0,2 GHz Band
10143466,Sydney,1960.0,1970.0,10.0,2150.0,2160.0,10.0,20.0,2 GHz Band
10143466,Sydney,1935.0,1940.0,5.0,2125.0,2130.0,5.0,10.0,2 GHz Band
10143466,Canberra,1960.0,1970.0,10.0,2150.0,2160.0,10.0,20.0,2 GHz Band
10143466,Canberra,1935.0,1940.0,5.0,2125.0,2130.0,5.0,10.0,2 GHz Band
10143466,Darwin,1920.0,1930.0,10.0,2110.0,2120.0,10.0,20.0,2 GHz Band
10143466,Darwin,1935.0,1940.0,5.0,2125.0,2130.0,5.0,10.0,2 GHz Band
10143466,Hobart,1920.0,1930.0,10.0,2110.0,2120.0,10.0,20.0,2 GHz Band
10143466,Perth,1920.0,1930.0,10.0,2110.0,2120.0,10.0,20.0,2 GHz Band
10143466,Hobart,1935.0,1940.0,5.0,2125.0,2130.0,5.0,10.0,2 GHz Band
10143562,Sydney,1940.0,1960.0,20.0,2130.0,2150.0,20.0,40.0,2 GHz Band
10143562,Brisbane,1940.0,1960.0,20.0,2130.0,2150.0,20.0,40.0,2 GHz Band
10143562,Melbourne,1940.0,1960.0,20.0,2130.0,2150.0,20.0,40.0,2 GHz Band
10143562,Canberra,1940.0,1960.0,20.0,2130.0,2150.0,20.0,40.0,2 GHz Band
10143562,Regional Western Australia,1960.0,1965.0,5.0,2150.0,2155.0,5.0,10.0,2 GHz Band
10143562,Hobart,1940.0,1960.0,20.0,2130.0,2150.0,20.0,40.0,2 GHz Band
10143562,Darwin,1940.0,1960.0,20.0,2130.0,2150.0,20.0,40.0,2 GHz Band
10143562,Regional South East Australia,1960.0,1965.0,5.0,2150.0,2155.0,5.0,10.0,2 GHz Band
10143562,Adelaide,1940.0,1960.0,20.0,2130.0,2150.0,20.0,40.0,2 GHz Band
10143562,Perth,1940.0,1960.0,20.0,2130.0,2150.0,20.0,40.0,2 GHz Band
10231258,Northern New South Wales (Grafton) + Western New South Wales (Dubbo),1750.0,1775.0,25.0,1845.0,1870.0,25.0,50.0,1800 MHz Band
10231258,North Queensland (Cairns/Townsville) + Central Queensland (Mackay),1750.0,1775.0,25.0,1845.0,1870.0,25.0,50.0,1800 MHz Band
10231258,Regional Western Australia,1750.0,1770.0,20.0,1845.0,1865.0,20.0,40.0,1800 MHz Band
10231258,Regional South Australia,1750.0,1775.0,25.0,1845.0,1870.0,25.0,50.0,1800 MHz Band
10231258,Tasmania,1765.0,1785.0,20.0,1860.0,1880.0,20.0,40.0,1800 MHz Band
10231258,Southern New South Wales/Riverina (Albury),1780.0,1785.0,5.0,1875.0,1880.0,5.0,10.0,1800 MHz Band
10231258,Darwin,1750.0,1775.0,25.0,1845.0,1870.0,25.0,50.0,1800 MHz Band
10231258,South Queensland (Maryborough),1750.0,1770.0,20.0,1845.0,1865.0,20.0,40.0,1800 MHz Band
10231258,Canberra (including south coast of NSW),1760.0,1780.0,20.0,1855.0,1875.0,20.0,40.0,1800 MHz Band
10231258,Southern New South Wales/Riverina (Albury),1750.0,1770.0,20.0,1845.0,1865.0,20.0,40.0,1800 MHz Band
10231258,Regional Victoria,1755.0,1775.0,20.0,1850.0,1870.0,20.0,40.0,1800 MHz Band
10232073,Adelaide,1770.0,1775.0,5.0,1865.0,1870.0,5.0,10.0,1800 MHz Band
10232073,South Queensland (Maryborough) + Northern New South Wales (Grafton),1775.0,1785.0,10.0,1870.0,1880.0,10.0,20.0,1800 MHz Band
10232073,Regional South Australia,1775.0,1785.0,10.0,1870.0,1880.0,10.0,20.0,1800 MHz Band
10232073,Tasmania,1755.0,1765.0,10.0,1850.0,1860.0,10.0,20.0,1800 MHz Band
10232073,Regional Victoria,1745.0,1755.0,10.0,1840.0,1850.0,10.0,20.0,1800 MHz Band
10232073,Southern New South Wales/Riverina (Albury),1770.0,1780.0,10.0,1865.0,1875.0,10.0,20.0,1800 MHz Band
10232073,Darwin,1775.0,1785.0,10.0,1870.0,1880.0,10.0,20.0,1800 MHz Band
10232073,Western New South Wales (Dubbo),1780.0,1785.0,5.0,1875.0,1880.0,5.0,10.0,1800 MHz Band
10232073,Canberra (including south coast of NSW),1750.0,1760.0,10.0,1845.0,1855.0,10.0,20.0,1800 MHz Band
10235466,North Queensland (Cairns/Townsville),1775.0,1785.0,10.0,1870.0,1880.0,10.0,20.0,1800 MHz Band
10235466,South Queensland (Maryborough),1770.0,1775.0,5.0,1865.0,1870.0,5.0,10.0,1800 MHz Band
10235466,Canberra (including south coast of NSW),1735.0,1750.0,15.0,1830.0,1845.0,15.0,30.0,1800 MHz Band
10235466,Canberra (including south coast of NSW),1780.0,1785.0,5.0,1875.0,1880.0,5.0,10.0,1800 MHz Band
10235466,Regional Victoria,1775.0,1785.0,10.0,1870.0,1880.0,10.0,20.0,1800 MHz Band
10235466,Regional Western Australia,1770.0,1780.0,10.0,1865.0,1875.0,10.0,20.0,1800 MHz Band
10388332,Central Australia,2337.0,2365.0,28.0,,,,,2.3 GHz Band
10388332,Gold Fields,2337.0,2365.0,28.0,,,,,2.3 GHz Band
10388332,Kimberley,2365.0,2400.0,35.0,,,,,2.3 GHz Band
10388332,Midwest RQZ,2337.0,2365.0,28.0,,,,,2.3 GHz Band
10388332,Telfer Mine,2302.0,2400.0,98.0,,,,,2.3 GHz Band
10388334,Canberra A,3542.5,3547.0,4.5,,,,,3.4 GHz Band
10388334,Brisbane B,3542.5,3575.0,32.5,,,,,3.4 GHz Band
10388334,Rockhampton,3542.5,3547.0,4.5,,,,,3.4 GHz Band
10388334,Toowoomba,3542.5,3547.0,4.5,,,,,3.4 GHz Band
10388433,Adelaide,1930.0,1935.0,5.0,2120.0,2125.0,5.0,10.0,2 GHz Band
10388433,Canberra B,1920.0,1930.0,10.0,2110.0,2120.0,10.0,20.0,2 GHz Band
10388433,Brisbane A,1930.0,1935.0,5.0,2120.0,2125.0,5.0,10.0,2 GHz Band
10388433,Perth,1930.0,1935.0,5.0,2120.0,2125.0,5.0,10.0,2 GHz Band
10388433,Canberra A,1930.0,1935.0,5.0,2120.0,2125.0,5.0,10.0,2 GHz Band
10388433,Darwin,1930.0,1935.0,5.0,2120.0,2125.0,5.0,10.0,2 GHz Band
10388433,Hobart,1930.0,1935.0,5.0,2120.0,2125.0,5.0,10.0,2 GHz Band
10391280,National,733.0,738.0,5.0,788.0,793.0,5.0,10.0,700 MHz Band
10391286,National,738.0,748.0,10.0,793.0,803.0,10.0,20.0,700 MHz Band
10424434,Regional WA,1780.0,1785.0,5.0,1875.0,1880.0,5.0,10.0,1800 MHz Band
10424436,Hobart,1960.0,1970.0,10.0,2150.0,2160.0,10.0,20.0,2 GHz Band
10424436,Darwin,1960.0,1970.0,10.0,2150.0,2160.0,10.0,20.0,2 GHz Band
10424514,Delamere,2302.0,2400.0,98.0,,,,,2.3 GHz Band
10424514,Cameron Corner,2365.0,2400.0,35.0,,,,,2.3 GHz Band
10424514,Geraldton/Kalgoorlie,2365.0,2400.0,35.0,,,,,2.3 GHz Band
10424532,Outer ACT 1,2302.0,2330.0,28.0,,,,,2.3 GHz Band
10424532,NSW EAST,2393.0,2400.0,7.0,,,,,2.3 GHz Band
10424532,Melbourne,2393.0,2400.0,7.0,,,,,2.3 GHz Band
10424532,Outer ACT 2,2302.0,2330.0,28.0,,,,,2.3 GHz Band
10424532,Outer ACT 3,2302.0,2330.0,28.0,,,,,2.3 GHz Band
10427561,Tasmania,1750.0,1755.0,5.0,1845.0,1850.0,5.0,10.0,1800 MHz Band
10427561,Mackay,1775.0,1785.0,10.0,1870.0,1880.0,10.0,20.0,1800 MHz Band
10427561,Dubbo,1775.0,1780.0,5.0,1870.0,1875.0,5.0,10.0,1800 MHz Band
10435053,Perth,1710.0,1730.0,20.0,1805.0,1825.0,20.0,40.0,1800 MHz Band
10435053,Regional Western Australia,1710.0,1750.0,40.0,1805.0,1845.0,40.0,80.0,1800 MHz Band
10435053,Tasmania,1710.0,1745.0,35.0,1805.0,1840.0,35.0,70.0,1800 MHz Band
10435053,ACT and South Coast NSW,1710.0,1730.0,20.0,1805.0,1825.0,20.0,40.0,1800 MHz Band
10435053,Darwin,1710.0,1745.0,35.0,1805.0,1840.0,35.0,70.0,1800 MHz Band
10435053,Adelaide,1710.0,1730.0,20.0,1805.0,1825.0,20.0,40.0,1800 MHz Band
10435053,Merge: North East and South Central NSW + Merge: South Queensland + North and Central Queensland,1710.0,1750.0,40.0,1805.0,1845.0,40.0,80.0,1800 MHz Band
10435053,Regional South Australia,1710.0,1750.0,40.0,1805.0,1845.0,40.0,80.0,1800 MHz Band
10435053,Regional Victoria,1710.0,1745.0,35.0,1805.0,1840.0,35.0,70.0,1800 MHz Band
10435053,Sydney,1710.0,1725.0,15.0,1805.0,1820.0,15.0,30.0,1800 MHz Band
10435053,Melbourne,1710.0,1725.0,15.0,1805.0,1820.0,15.0,30.0,1800 MHz Band
10435053,Brisbane,1710.0,1730.0,20.0,1805.0,1825.0,20.0,40.0,1800 MHz Band
10498938,Adelaide Rim NE,3542.5,3575.0,32.5,,,,,3.4 GHz Band
10498938,Adelaide Rim S,3542.5,3575.0,32.5,,,,,3.4 GHz Band
10498938,Launceston,3542.5,3575.0,32.5,,,,,3.4 GHz Band
10498938,Hobart,3542.5,3575.0,32.5,,,,,3.4 GHz Band
10498938,Perth,3542.5,3575.0,32.5,,,,,3.4 GHz Band
10498938,Cairns,3542.5,3575.0,32.5,,,,,3.4 GHz Band
10498938,Canberra,3547.0,3575.0,28.0,,,,,3.4 GHz Band
10498938,Toowoomba,3547.0,3575.0,28.0,,,,,3.4 GHz Band
10498938,Rockhampton,3547.0,3575.0,28.0,,,,,3.4 GHz Band
10498938,Ballarat-Bendigo,3542.5,3575.0,32.5,,,,,3.4 GHz Band
10498938,Wodonga,3542.5,3575.0,32.5,,,,,3.4 GHz Band
10498938,Townsville,3542.5,3575.0,32.5,,,,,3.4 GHz Band
10498938,Adelaide,3547.0,3575.0,28.0,,,,,3.4 GHz Band
10914942,Perth - lower/upper,3575.0,3605.0,30.0,,,,,3.4 GHz Band
10914942,Sydney,3575.0,3635.0,60.0,,,,,3.4 GHz Band
10914942,Melbourne,3575.0,3635.0,60.0,,,,,3.4 GHz Band
10914942,Adelaide,3575.0,3610.0,35.0,,,,,3.4 GHz Band
10914942,Canberra,3575.0,3605.0,30.0,,,,,3.4 GHz Band
10914942,Regional Southern/Western NSW,3575.0,3640.0,65.0,,,,,3.4 GHz Band
10914942,Brisbane,3575.0,3605.0,30.0,,,,,3.4 GHz Band
10914942,Regional Western Australia,3575.0,3655.0,80.0,,,,,3.4 GHz Band
10914942,Merge: Regional Northern NSW/Southern Queensland + Merge: North Queensland + Central Queensland,3575.0,3625.0,50.0,,,,,3.4 GHz Band
10914942,Merge: Regional Victoria + Tasmania,3575.0,3625.0,50.0,,,,,3.4 GHz Band
10914942,Regional South Australia,3575.0,3650.0,75.0,,,,,3.4 GHz Band
10917462,Merge: Regional Southern/Western NSW + Regional South Australia,3670.0,3700.0,30.0,,,,,3.4 GHz Band
10917462,Merge: Regional Victoria + Tasmania,3665.0,3700.0,35.0,,,,,3.4 GHz Band
10917462,Merge: Regional Northern NSW/Southern Queensland + Merge: North Queensland + Central Queensland,3665.0,3700.0,35.0,,,,,3.4 GHz Band
10917463,Perth - lower/upper,3605.0,3640.0,35.0,,,,,3.4 GHz Band
10917463,Sydney,3635.0,3640.0,5.0,,,,,3.4 GHz Band
10917463,Melbourne,3695.0,3700.0,5.0,,,,,3.4 GHz Band
10917463,Brisbane,3665.0,3700.0,35.0,,,,,3.4 GHz Band
10917463,Adelaide,3670.0,3700.0,30.0,,,,,3.4 GHz Band
10917463,Canberra,3605.0,3640.0,35.0,,,,,3.4 GHz Band
10917464,Brisbane,3605.0,3665.0,60.0,,,,,3.4 GHz Band
10917464,Canberra,3640.0,3700.0,60.0,,,,,3.4 GHz Band
10917464,Melbourne,3635.0,3695.0,60.0,,,,,3.4 GHz Band
10917464,Sydney,3640.0,3700.0,60.0,,,,,3.4 GHz Band
10917464,Perth - lower/upper,3640.0,3700.0,60.0,,,,,3.4 GHz Band
10917464,Adelaide,3610.0,3670.0,60.0,,,,,3.4 GHz Band
10917464,Regional South Australia,3650.0,3670.0,20.0,,,,,3.4 GHz Band
10917464,Regional Western Australia,3655.0,3700.0,45.0,,,,,3.4 GHz Band
10917464,Merge: Regional Northern NSW/Southern Queensland + Merge: North Queensland + Central Queensland,3625.0,3665.0,40.0,,,,,3.4 GHz Band
10917464,Merge: Regional Victoria + Tasmania,3625.0,3665.0,40.0,,,,,3.4 GHz Band
10917464,Regional Southern/Western NSW,3640.0,3670.0,30.0,,,,,3.4 GHz Band
11286123,Merge: ma025 + ma026,3477.5,3542.5,65.0,,,,,3.4 GHz Band
11286123,Merge: ma019 + ma020,3475.0,3575.0,100.0,,,,,3.4 GHz Band
11286123,Merge: ma029 + Merge: ma027 + ma030,3475.0,3571.5,96.5,,,,,3.4 GHz Band
11286123,Merge: ma011 + ma018,3475.0,3540.0,65.0,,,,,3.4 GHz Band
11286123,Merge: ma005 + ma008,3475.0,3540.0,65.0,,,,,3.4 GHz Band
11286123,Merge: ma001 + ma002,3475.0,3543.5,68.5,,,,,3.4 GHz Band
11286123,ma043,3510.0,3575.0,65.0,,,,,3.4 GHz Band
11286123,ma042,3542.5,3575.0,32.5,,,,,3.4 GHz Band
11286123,ma042,3442.5,3475.0,32.5,,,,,3.4 GHz Band
11286123,ma036,3510.0,3575.0,65.0,,,,,3.4 GHz Band
11286123,ma035,3510.0,3575.0,65.0,,,,,3.4 GHz Band
11286123,ma034,3510.0,3575.0,65.0,,,,,3.4 GHz Band
11286124,Merge: ma001 + ma002,3543.5,3547.0,3.5,,,,,3.4 GHz Band
11286124,ma004,3539.0,3542.5,3.5,,,,,3.4 GHz Band
11286124,ma003,3539.0,3542.5,3.5,,,,,3.4 GHz Band
11286124,Merge: Merge: ma031 + Merge: ma027 + ma028 + Merge: ma033 + Merge: ma032 + Merge: ma029 + ma030,3571.5,3575.0,3.5,,,,,3.4 GHz Band
11286124,Merge: Merge: ma008 + ma009 + Merge: Merge: ma005 + ma006 + Merge: ma007 + ma010,3540.0,3542.5,2.5,,,,,3.4 GHz Band
11286125,Merge: Merge: ma016 + ma018 + Merge: Merge: ma013 + ma014 + Merge: ma017 + Merge: ma015 + Merge: ma011 + ma012,3540.0,3542.5,2.5,,,,,3.4 GHz Band
11286126,ma049,3485.5,3489.0,3.5,,,,,3.4 GHz Band
11286126,ma050,3490.0,3492.5,2.5,,,,,3.4 GHz Band
11286126,ma051,3540.0,3542.5,2.5,,,,,3.4 GHz Band
11286126,ma048,3485.5,3489.0,3.5,,,,,3.4 GHz Band
11286128,Merge: ma025 + ma026,3475.0,3477.5,2.5,,,,,3.4 GHz Band
11286128,ma052,3490.0,3492.5,2.5,,,,,3.4 GHz Band
11286128,ma049,3489.0,3492.5,3.5,,,,,3.4 GHz Band
11286128,ma048,3489.0,3492.5,3.5,,,,,3.4 GHz Band
11286128,ma047,3490.0,3492.5,2.5,,,,,3.4 GHz Band
11286128,ma045,3490.0,3492.5,2.5,,,,,3.4 GHz Band
11286128,ma046,3540.0,3542.5,2.5,,,,,3.4 GHz Band
11286129,ma038,3510.0,3575.0,65.0,,,,,3.4 GHz Band
11286129,ma037,3510.0,3575.0,65.0,,,,,3.4 GHz Band
11286129,ma040,3510.0,3575.0,65.0,,,,,3.4 GHz Band
11286129,ma045,3425.0,3490.0,65.0,,,,,3.4 GHz Band
11286129,ma046,3475.0,3540.0,65.0,,,,,3.4 GHz Band
11286129,ma047,3425.0,3490.0,65.0,,,,,3.4 GHz Band
11286129,ma048,3425.0,3485.5,60.5,,,,,3.4 GHz Band
11286129,ma049,3425.0,3485.5,60.5,,,,,3.4 GHz Band
11286129,ma050,3425.0,3490.0,65.0,,,,,3.4 GHz Band
11286129,ma052,3425.0,3490.0,65.0,,,,,3.4 GHz Band
11286129,Merge: ma017 + Merge: ma015 + Merge: ma013 + Merge: ma012 + ma014,3475.0,3540.0,65.0,,,,,3.4 GHz Band
11286129,Merge: ma028 + ma031,3475.0,3571.5,96.5,,,,,3.4 GHz Band
11286129,Merge: ma041 + ma053,3442.5,3475.0,32.5,,,,,3.4 GHz Band
11286129,Merge: ma041 + ma053,3542.5,3575.0,32.5,,,,,3.4 GHz Band
11286129,Merge: Merge: ma006 + ma009 + Merge: ma051 + Merge: ma007 + ma010,3475.0,3540.0,65.0,,,,,3.4 GHz Band
11286129,ma039,3510.0,3575.0,65.0,,,,,3.4 GHz Band
11286129,ma003,3475.0,3539.0,64.0,,,,,3.4 GHz Band
11286129,ma004,3475.0,3539.0,64.0,,,,,3.4 GHz Band
11286129,ma016,3475.0,3540.0,65.0,,,,,3.4 GHz Band
11286129,ma021,3475.0,3575.0,100.0,,,,,3.4 GHz Band
11286129,ma033,3475.0,3571.5,96.5,,,,,3.4 GHz Band
11286129,ma032,3475.0,3571.5,96.5,,,,,3.4 GHz Band
11286129,ma024,3475.0,3575.0,100.0,,,,,3.4 GHz Band
11286129,ma023,3475.0,3575.0,100.0,,,,,3.4 GHz Band
11286129,ma022,3475.0,3575.0,100.0,,,,,3.4 GHz Band
11286131,Merge: Merge: ma036 + Merge: ma023 + ma039 + Merge: Merge: ma022 + ma046 + Merge: ma024 + Merge: ma020 + ma021,3400.0,3475.0,75.0,,,,,3.4 GHz Band
11286131,Merge: Merge: ma034 + Merge: ma016 + ma018 + Merge: Merge: ma033 + Merge: ma030 + ma031 + Merge: ma035 + Merge: ma032 + Merge: ma017 + Merge: ma015 + Merge: ma014 + ma040,3400.0,3475.0,75.0,,,,,3.4 GHz Band
11286131,Merge: Merge: ma010 + ma038 + Merge: ma051 + Merge: ma008 + ma009,3400.0,3475.0,75.0,,,,,3.4 GHz Band
11286131,Merge: Merge: ma002 + ma003 + Merge: ma004 + ma037,3400.0,3475.0,75.0,,,,,3.4 GHz Band
11286131,Merge: ma044 + Merge: ma026 + ma043,3400.0,3475.0,75.0,,,,,3.4 GHz Band
11345733,Area 1,2500.0,2510.0,10.0,2620.0,2630.0,10.0,20.0,2.5 GHz Band
11345734,Area 1,2500.0,2510.0,10.0,2620.0,2630.0,10.0,20.0,2.5 GHz Band
9263429,Sydney,825.0,835.0,10.0,870.0,880.0,10.0,20.0,800 MHz Band
9263429,Adelaide,825.0,835.0,10.0,870.0,880.0,10.0,20.0,800 MHz Band
9263429,Brisbane,825.0,835.0,10.0,870.0,880.0,10.0,20.0,800 MHz Band
9263429,Melbourne,825.0,835.0,10.0,870.0,880.0,10.0,20.0,800 MHz Band
9263429,Perth,825.0,835.0,10.0,870.0,880.0,10.0,20.0,800 MHz Band
9263429,Reg_Remote_Aus,825.0,830.0,5.0,870.0,875.0,5.0,10.0,800 MHz Band
9263433,Sydney,835.0,845.0,10.0,880.0,890.0,10.0,20.0,800 MHz Band
9263433,Reg_Remote_Aus,830.0,845.0,15.0,875.0,890.0,15.0,30.0,800 MHz Band
9263433,Perth,835.0,845.0,10.0,880.0,890.0,10.0,20.0,800 MHz Band
9263433,Melbourne,835.0,845.0,10.0,880.0,890.0,10.0,20.0,800 MHz Band
9263433,Brisbane,835.0,845.0,10.0,880.0,890.0,10.0,20.0,800 MHz Band
9263433,Adelaide,835.0,845.0,10.0,880.0,890.0,10.0,20.0,800 MHz Band
9263448,Sydney,1755.0,1770.0,15.0,1850.0,1865.0,15.0,30.0,1800 MHz Band
9263448,Perth,1755.0,1770.0,15.0,1850.0,1865.0,15.0,30.0,1800 MHz Band
9263448,Melbourne,1755.0,1770.0,15.0,1850.0,1865.0,15.0,30.0,1800 MHz Band
9263448,Adelaide,1755.0,1770.0,15.0,1850.0,1865.0,15.0,30.0,1800 MHz Band
9263448,Brisbane,1755.0,1770.0,15.0,1850.0,1865.0,15.0,30.0,1800 MHz Band
9263452,Melbourne,1725.0,1737.5,12.5,1820.0,1832.5,12.5,25.0,1800 MHz Band
9263452,Adelaide,1730.0,1740.0,10.0,1825.0,1835.0,10.0,20.0,1800 MHz Band
9263452,Brisbane,1730.0,1740.0,10.0,1825.0,1835.0,10.0,20.0,1800 MHz Band
9263452,Perth,1730.0,1740.0,10.0,1825.0,1835.0,10.0,20.0,1800 MHz Band
9263452,Sydney,1725.0,1740.0,15.0,1820.0,1835.0,15.0,30.0,1800 MHz Band
9263452,Darwin,1745.0,1750.0,5.0,1840.0,1845.0,5.0,10.0,1800 MHz Band
9263452,Canberra,1730.0,1735.0,5.0,1825.0,1830.0,5.0,10.0,1800 MHz Band
9263452,Tasmania,1745.0,1750.0,5.0,1840.0,1845.0,5.0,10.0,1800 MHz Band
9263460,Brisbane,1770.0,1775.0,5.0,1865.0,1870.0,5.0,10.0,1800 MHz Band
9263461,Perth,1770.0,1775.0,5.0,1865.0,1870.0,5.0,10.0,1800 MHz Band
9367136,Brisbane,1740.0,1745.0,5.0,1835.0,1840.0,5.0,10.0,1800 MHz Band
9367136,Perth,1740.0,1745.0,5.0,1835.0,1840.0,5.0,10.0,1800 MHz Band
9367136,Adelaide,1740.0,1745.0,5.0,1835.0,1840.0,5.0,10.0,1800 MHz Band
9367136,Melbourne,1737.5,1740.0,2.5,1832.5,1835.0,2.5,5.0,1800 MHz Band
9367781,Perth,1775.0,1785.0,10.0,1870.0,1880.0,10.0,20.0,1800 MHz Band
9367783,Brisbane,1775.0,1785.0,10.0,1870.0,1880.0,10.0,20.0,1800 MHz Band
9369568,Area 2,2302.0,2400.0,98.0,,,,,2.3 GHz Band
9369568,Area 3,2302.0,2365.0,63.0,,,,,2.3 GHz Band
9369568,Area 4,2302.0,2365.0,63.0,,,,,2.3 GHz Band
9369568,Area 5,2302.0,2365.0,63.0,,,,,2.3 GHz Band
9369568,Area 1,2302.0,2400.0,98.0,,,,,2.3 GHz Band
9369568,Area 6,2337.0,2365.0,28.0,,,,,2.3 GHz Band
9369568,Area 7,2337.0,2365.0,28.0,,,,,2.3 GHz Band
9445340,National,2570.0,2585.0,15.0,,,,,2.5 GHz Mid Band Gap
9445341,National,2585.0,2595.0,10.0,,,,,2.5 GHz Mid Band Gap
9445342,National,2595.0,2605.0,10.0,,,,,2.5 GHz Mid Band Gap
9445343,National,2605.0,2620.0,15.0,,,,,2.5 GHz Mid Band Gap
9448618,Merge: 2.3 GHz Band Adelaide + 2.3 GHz Band,2386.0,2400.0,14.0,,,,,2.3 GHz Band
9448619,2.3 GHz Band,2302.0,2386.0,84.0,,,,,2.3 GHz Band
9448619,2.3 GHz Band,2302.0,2400.0,98.0,,,,,2.3 GHz Band
9448619,2.3 GHz Band,2330.0,2400.0,70.0,,,,,2.3 GHz Band
9448619,Merge: 2.3 GHz Band + Merge: 2.3 GHz Band + 2.3 GHz Band,2309.0,2400.0,91.0,,,,,2.3 GHz Band
9448619,Merge: 2.3 GHz Band + Merge: 2.3 GHz Band + 2.3 GHz Band,2302.0,2393.0,91.0,,,,,2.3 GHz Band
9448619,Merge: 2.3 GHz Band + 2.3 GHz Band,2302.0,2393.0,91.0,,,,,2.3 GHz Band
9448619,Merge: 2.3 GHz Band + 2.3 GHz Band,2302.0,2400.0,98.0,,,,,2.3 GHz Band
9448620,2.3 GHz Band Perth,2386.0,2400.0,14.0,,,,,2.3 GHz Band
9448621,Merge: 2.3 GHz Band + 2.3 GHz Band,2302.0,2309.0,7.0,,,,,2.3 GHz Band
9460456,Adelaide,1775.0,1785.0,10.0,1870.0,1880.0,10.0,20.0,1800 MHz Band
9460463,Sydney,1770.0,1775.0,5.0,1865.0,1870.0,5.0,10.0,1800 MHz Band
9460464,Sydney,1775.0,1785.0,10.0,1870.0,1880.0,10.0,20.0,1800 MHz Band
9460484,Melbourne,1770.0,1775.0,5.0,1865.0,1870.0,5.0,10.0,1800 MHz Band
9460485,Melbourne,1775.0,1785.0,10.0,1870.0,1880.0,10.0,20.0,1800 MHz Band
9460720,2.3 GHz Band,2302.0,2393.0,91.0,,,,,2.3 GHz Band
9460720,2.3 GHz Band,2330.0,2400.0,70.0,,,,,2.3 GHz Band
9460720,2.3 GHz Band,2309.0,2400.0,91.0,,,,,2.3 GHz Band
9460720,2.3 GHz Band,2302.0,2386.0,84.0,,,,,2.3 GHz Band
9460721,2.3 GHz Band,2302.0,2386.0,84.0,,,,,2.3 GHz Band
9460722,2.3 GHz Band,2302.0,2393.0,91.0,,,,,2.3 GHz Band
9469858,Area 1,703.0,713.0,10.0,758.0,768.0,10.0,20.0,700 MHz Band
9469862,Area 1,713.0,733.0,20.0,768.0,788.0,20.0,40.0,700 MHz Band
9469864,Area 1,2550.0,2570.0,20.0,2670.0,2690.0,20.0,40.0,2.5 GHz Band
9469870,Area 1,2550.0,2570.0,20.0,2670.0,2690.0,20.0,40.0,2.5 GHz Band
9469871,Area 1,2510.0,2550.0,40.0,2630.0,2670.0,40.0,80.0,2.5 GHz Band
9469878,Area 1,2510.0,2550.0,40.0,2630.0,2670.0,40.0,80.0,2.5 GHz Band
9599659,2.3 GHz Band,2365.0,2400.0,35.0,,,,,2.3 GHz Band
9599659,2.3 GHz Band,2302.0,2337.0,35.0,,,,,2.3 GHz Band
9599659,2.3 GHz Band,2365.0,2400.0,35.0,,,,,2.3 GHz Band
9599659,2.3 GHz Band,2302.0,2337.0,35.0,,,,,2.3 GHz Band
9599659,2.3 GHz Band,2365.0,2400.0,35.0,,,,,2.3 GHz Band
9599659,2.3 GHz Band,2365.0,2400.0,35.0,,,,,2.3 GHz Band
9599659,2.3 GHz Band,2302.0,2337.0,35.0,,,,,2.3 GHz Band
9619844,Sydney,1740.0,1755.0,15.0,1835.0,1850.0,15.0,30.0,1800 MHz Band
9619844,Merge: Brisbane + Merge: Adelaide + Perth,1745.0,1755.0,10.0,1840.0,1850.0,10.0,20.0,1800 MHz Band
9619844,Melbourne,1740.0,1755.0,15.0,1835.0,1850.0,15.0,30.0,1800 MHz Band
